deviceTime_utc,deviceTime_local,deviceTime_unix,cpm,cpmError,keV_per_ch,0,1,2,3,4,5,6,7,8,9,10,11,12,13,14,15,16,17,18,19,20,21,22,23,24,25,26,27,28,29,30,31,32,33,34,35,36,37,38,39,40,41,42,43,44,45,46,47,48,49,50,51,52,53,54,55,56,57,58,59,60,61,62,63,64,65,66,67,68,69,70,71,72,73,74,75,76,77,78,79,80,81,82,83,84,85,86,87,88,89,90,91,92,93,94,95,96,97,98,99,100,101,102,103,104,105,106,107,108,109,110,111,112,113,114,115,116,117,118,119,120,121,122,123,124,125,126,127,128,129,130,131,132,133,134,135,136,137,138,139,140,141,142,143,144,145,146,147,148,149,150,151,152,153,154,155,156,157,158,159,160,161,162,163,164,165,166,167,168,169,170,171,172,173,174,175,176,177,178,179,180,181,182,183,184,185,186,187,188,189,190,191,192,193,194,195,196,197,198,199,200,201,202,203,204,205,206,207,208,209,210,211,212,213,214,215,216,217,218,219,220,221,222,223,224,225,226,227,228,229,230,231,232,233,234,235,236,237,238,239,240,241,242,243,244,245,246,247,248,249,250,251,252,253,254,255,256,257,258,259,260,261,262,263,264,265,266,267,268,269,270,271,272,273,274,275,276,277,278,279,280,281,282,283,284,285,286,287,288,289,290,291,292,293,294,295,296,297,298,299,300,301,302,303,304,305,306,307,308,309,310,311,312,313,314,315,316,317,318,319,320,321,322,323,324,325,326,327,328,329,330,331,332,333,334,335,336,337,338,339,340,341,342,343,344,345,346,347,348,349,350,351,352,353,354,355,356,357,358,359,360,361,362,363,364,365,366,367,368,369,370,371,372,373,374,375,376,377,378,379,380,381,382,383,384,385,386,387,388,389,390,391,392,393,394,395,396,397,398,399,400,401,402,403,404,405,406,407,408,409,410,411,412,413,414,415,416,417,418,419,420,421,422,423,424,425,426,427,428,429,430,431,432,433,434,435,436,437,438,439,440,441,442,443,444,445,446,447,448,449,450,451,452,453,454,455,456,457,458,459,460,461,462,463,464,465,466,467,468,469,470,471,472,473,474,475,476,477,478,479,480,481,482,483,484,485,486,487,488,489,490,491,492,493,494,495,496,497,498,499,500,501,502,503,504,505,506,507,508,509,510,511,512,513,514,515,516,517,518,519,520,521,522,523,524,525,526,527,528,529,530,531,532,533,534,535,536,537,538,539,540,541,542,543,544,545,546,547,548,549,550,551,552,553,554,555,556,557,558,559,560,561,562,563,564,565,566,567,568,569,570,571,572,573,574,575,576,577,578,579,580,581,582,583,584,585,586,587,588,589,590,591,592,593,594,595,596,597,598,599,600,601,602,603,604,605,606,607,608,609,610,611,612,613,614,615,616,617,618,619,620,621,622,623,624,625,626,627,628,629,630,631,632,633,634,635,636,637,638,639,640,641,642,643,644,645,646,647,648,649,650,651,652,653,654,655,656,657,658,659,660,661,662,663,664,665,666,667,668,669,670,671,672,673,674,675,676,677,678,679,680,681,682,683,684,685,686,687,688,689,690,691,692,693,694,695,696,697,698,699,700,701,702,703,704,705,706,707,708,709,710,711,712,713,714,715,716,717,718,719,720,721,722,723,724,725,726,727,728,729,730,731,732,733,734,735,736,737,738,739,740,741,742,743,744,745,746,747,748,749,750,751,752,753,754,755,756,757,758,759,760,761,762,763,764,765,766,767,768,769,770,771,772,773,774,775,776,777,778,779,780,781,782,783,784,785,786,787,788,789,790,791,792,793,794,795,796,797,798,799,800,801,802,803,804,805,806,807,808,809,810,811,812,813,814,815,816,817,818,819,820,821,822,823,824,825,826,827,828,829,830,831,832,833,834,835,836,837,838,839,840,841,842,843,844,845,846,847,848,849,850,851,852,853,854,855,856,857,858,859,860,861,862,863,864,865,866,867,868,869,870,871,872,873,874,875,876,877,878,879,880,881,882,883,884,885,886,887,888,889,890,891,892,893,894,895,896,897,898,899,900,901,902,903,904,905,906,907,908,909,910,911,912,913,914,915,916,917,918,919,920,921,922,923,924,925,926,927,928,929,930,931,932,933,934,935,936,937,938,939,940,941,942,943,944,945,946,947,948,949,950,951,952,953,954,955,956,957,958,959,960,961,962,963,964,965,966,967,968,969,970,971,972,973,974,975,976,977,978,979,980,981,982,983,984,985,986,987,988,989,990,991,992,993,994,995,996,997,998,999,1000,1001,1002,1003,1004,1005,1006,1007,1008,1009,1010,1011,1012,1013,1014,1015,1016,1017,1018,1019,1020,1021,1022,1023
2018-11-25 06:13:10+00:00,2018-11-24 22:13:10-08:00,1543126390,1226.5673469387755,2.237498007696092,2.4662162162162162,0,0,0,0,0,0,0,0,0,0,0,0,0,0,0,0,1747,2046,2483,2936,3457,3989,4531,5021,5787,5673,6000,6080,5954,5592,5317,4970,4526,4461,4131,3998,3867,3644,3568,3543,3433,3403,3502,3440,3323,3281,3272,3191,3316,3206,3132,3261,3086,3120,2969,3037,2920,2948,2719,2809,2646,2609,2424,2427,2356,2315,2377,2235,2184,2121,2004,1983,1854,1862,1834,1817,1708,1746,1688,1624,1557,1554,1475,1456,1386,1414,1265,1286,1211,1210,1232,1222,1164,1119,1147,1074,1070,1048,993,977,1032,1027,1046,952,943,923,859,844,848,711,744,650,757,664,603,627,610,633,627,595,571,571,588,539,566,511,551,468,513,496,482,472,478,454,380,373,405,399,396,365,369,373,400,392,366,387,340,376,371,363,365,339,359,325,318,307,277,255,255,269,254,227,258,243,226,248,208,234,233,187,222,205,211,204,184,194,173,210,176,187,174,167,172,178,184,176,167,151,163,151,145,151,116,158,137,136,122,168,164,140,140,144,151,124,110,127,139,132,137,145,140,122,146,131,144,126,145,141,150,142,118,119,124,126,102,133,128,128,118,113,85,100,135,97,107,93,100,85,94,106,114,107,105,120,99,115,104,97,101,111,96,104,94,120,118,118,109,117,111,95,109,95,99,102,93,94,91,95,63,78,82,72,86,69,82,59,62,72,80,73,71,60,84,70,64,74,63,76,43,67,73,50,58,50,66,65,56,56,55,51,67,55,61,47,71,53,53,49,71,65,56,51,55,39,55,58,65,58,56,57,47,60,54,59,58,54,61,70,46,43,52,58,51,67,65,40,50,56,44,49,44,48,37,41,35,36,40,40,45,41,37,37,42,47,44,47,46,47,43,52,44,35,44,64,52,47,52,47,38,37,37,52,45,38,40,43,44,34,48,44,41,32,58,32,60,41,45,51,37,45,34,49,47,32,39,38,45,37,42,36,33,36,33,35,36,40,25,37,40,49,39,36,34,39,33,39,48,38,36,39,35,38,36,27,30,33,32,37,26,33,37,34,22,37,36,30,40,32,28,22,33,29,42,25,38,31,39,30,27,33,29,18,36,31,35,31,26,36,36,32,28,31,33,30,44,28,35,30,36,41,29,40,33,41,31,23,36,25,42,35,28,38,40,27,34,21,43,39,26,21,36,29,41,26,26,21,25,28,29,26,27,29,27,29,16,20,27,35,21,21,16,26,28,20,22,25,21,26,15,19,10,26,19,17,19,29,8,24,14,16,12,11,24,9,12,21,10,16,13,19,18,19,13,12,18,12,17,11,9,17,13,12,12,21,14,9,12,14,19,21,16,13,21,10,15,12,9,13,12,15,14,20,18,17,16,15,21,26,20,14,18,29,23,33,29,28,30,26,33,31,26,33,48,44,45,35,42,41,36,33,37,32,46,45,33,38,46,26,32,29,30,32,25,21,21,25,13,23,21,12,16,19,17,14,15,16,10,5,9,8,17,8,10,6,6,15,5,5,5,6,6,15,12,9,8,10,10,12,7,8,5,9,4,13,10,11,16,10,13,9,7,6,6,6,11,2,8,9,8,8,10,8,4,4,4,4,3,8,7,9,9,8,7,3,10,6,5,6,8,6,5,4,10,7,5,2,10,6,3,6,10,6,10,8,4,17,4,6,8,8,8,10,8,10,9,7,10,8,5,5,8,4,9,5,6,7,6,4,7,8,7,11,5,5,6,3,2,6,6,1,5,6,6,1,5,3,3,9,11,3,5,3,5,7,9,5,3,4,10,4,5,5,3,4,4,4,8,2,6,2,6,7,2,4,3,2,2,3,6,12,3,6,6,4,4,2,3,2,5,4,4,4,1,5,5,4,4,7,4,4,1,5,4,4,4,7,2,2,3,5,3,1,1,4,6,2,5,6,6,6,5,6,4,5,2,8,7,4,6,7,10,4,5,8,6,6,4,5,8,4,3,6,6,1,3,11,6,7,7,4,7,7,5,4,7,5,7,6,6,1,7,5,4,7,6,10,10,1,11,8,5,9,10,6,6,3,5,3,7,9,5,4,12,2,5,4,10,5,12,6,12,4,9,5,3,4,2,6,0,6,2,5,7,2,3,4,5,5,3,1,2,4,2,4,5,4,2,3,7,3,2,5,5,3,3,3,7,1,1,6,4,3,1,1,3,0,4,1,4,5,3,1,5,6,4,6,3,1,4,1,7,6,5,4,6,8,6,12,10,7,12,4,5,10,3,7,7,12,3,4,9,3,2,4,4,8,4,2,3,0,1,3,3,3,0,3,1,1,1,1,7,3,4,3,0,1,2,3,5,1,4,1,5,0,2,5,2,1,1,7,7,2,3,2,3,6,3,4,3,2,0,0,3,4663
2018-11-25 02:23:07+00:00,2018-11-24 18:23:07-08:00,1543112587,1218.0705882352941,2.185577133126235,2.433333333333333,0,0,0,0,0,0,0,0,0,0,0,0,0,0,0,0,1850,2134,2484,2916,3614,4046,4764,5195,5609,5969,6202,6122,5936,5805,5669,5200,4944,4612,4290,4265,4008,3886,3796,3777,3684,3685,3509,3475,3525,3320,3447,3321,3286,3405,3258,3356,3170,3246,3167,3206,2995,2994,2916,2765,2812,2704,2631,2590,2472,2442,2411,2344,2212,2206,2053,1973,1997,1947,1882,1815,1766,1717,1620,1622,1640,1622,1548,1481,1480,1383,1434,1331,1227,1295,1274,1239,1228,1138,1140,1129,1087,1037,1047,1099,1082,1024,1044,1011,929,926,885,839,791,802,734,680,708,691,692,615,625,607,651,621,657,594,601,537,565,559,522,546,537,500,479,433,475,453,439,424,427,400,404,350,412,389,386,424,369,403,372,406,399,370,331,345,367,363,318,291,282,305,275,232,237,243,239,250,237,233,208,223,209,218,206,219,227,192,211,199,187,205,193,189,215,188,168,176,178,161,205,179,193,172,164,155,138,160,184,160,163,166,171,161,163,139,152,115,136,141,126,135,139,116,141,138,121,147,143,136,130,139,145,126,119,137,157,109,134,125,118,103,109,101,98,110,81,101,129,104,102,103,91,114,97,124,102,120,104,112,134,104,106,112,108,110,124,107,106,120,118,108,105,107,96,87,111,116,105,89,77,89,86,70,89,92,69,64,84,76,76,78,63,61,70,93,61,84,67,77,63,53,55,56,58,73,55,49,54,62,55,54,60,64,70,46,54,67,77,59,71,58,55,50,64,48,66,53,51,48,53,78,52,49,60,54,50,56,68,66,53,52,57,39,48,57,49,56,62,51,55,42,54,50,49,48,41,52,46,55,43,49,50,61,53,45,57,46,44,33,37,62,30,49,45,50,42,55,41,31,62,41,55,42,48,56,37,40,38,38,38,46,49,37,57,42,43,42,35,47,47,37,33,50,44,39,45,47,53,46,43,37,39,43,64,39,40,31,50,43,50,45,45,50,40,44,36,41,24,45,30,38,39,28,32,47,41,37,45,29,26,36,25,24,32,38,44,36,32,33,32,22,23,28,39,39,29,28,35,29,30,21,33,28,29,27,22,34,21,31,33,31,40,38,33,30,35,32,39,27,40,35,30,27,34,28,35,30,33,44,41,35,41,29,32,47,25,27,24,20,22,37,42,19,30,26,34,22,31,31,30,23,31,37,24,17,16,30,26,24,34,35,26,24,23,28,19,21,19,26,26,12,20,14,12,12,21,15,12,22,23,11,11,14,21,18,15,21,16,9,18,21,14,11,11,11,11,20,11,12,17,7,18,14,12,12,13,13,15,18,19,11,15,14,13,12,14,12,9,17,21,12,8,16,22,14,12,16,12,14,15,16,21,10,34,26,40,35,33,36,36,28,30,36,43,33,37,42,28,54,45,40,30,47,59,33,33,33,35,25,28,31,39,28,22,19,17,26,25,14,13,14,11,13,16,10,10,12,14,15,4,11,8,9,11,11,15,4,10,10,8,9,10,8,10,10,14,9,17,10,7,12,10,7,9,11,2,10,11,7,9,4,11,7,7,8,8,6,12,5,15,8,7,8,9,6,12,6,4,6,9,8,9,3,2,10,3,9,1,2,3,7,7,4,6,3,6,6,8,9,6,10,4,9,7,9,10,12,9,9,7,4,6,7,9,5,10,3,6,11,7,10,12,8,10,4,12,6,9,8,3,9,5,5,5,6,10,5,5,14,4,5,2,7,6,6,5,3,3,4,6,4,3,7,5,6,8,7,6,3,5,1,3,9,3,3,2,3,3,3,11,5,3,3,7,3,3,4,3,5,2,4,3,3,4,4,1,5,2,6,1,0,6,7,5,1,7,2,1,6,5,3,4,5,3,6,6,2,3,7,4,1,2,3,4,4,6,5,4,3,2,7,4,4,3,4,10,5,3,6,5,1,1,3,5,3,9,7,10,7,6,5,6,10,7,6,3,9,10,7,8,10,6,12,9,7,6,7,7,9,4,8,5,3,3,4,4,6,6,3,8,4,7,3,3,5,6,8,8,5,10,9,7,7,11,5,0,12,6,6,5,5,5,2,4,13,5,7,2,4,5,10,5,13,8,2,2,6,3,3,6,8,8,1,7,3,2,4,5,3,2,4,4,3,9,5,0,3,2,4,3,2,2,5,2,3,3,1,3,1,6,6,3,4,4,3,4,3,2,4,7,12,9,3,3,13,7,3,5,6,5,8,6,6,3,7,13,7,4,3,6,7,1,3,2,1,5,2,2,1,0,0,2,2,1,0,2,4,2,3,1,4,0,2,4,2,1,0,3,5,2,5,2,3,2,5,1,0,3,5,0,1,1,1,2,1,0,3,3,5,4,0,4,2,3,1,3,4756
2018-11-24 22:13:04+00:00,2018-11-24 14:13:04-08:00,1543097584,1208.9666666666667,2.2444066278442305,2.4414715719063547,0,0,0,0,0,0,0,0,0,0,0,0,0,0,0,0,1736,1939,2253,2700,3293,3687,4254,4759,5324,5468,5507,5632,5487,5259,4910,4641,4438,4092,4006,3948,3699,3617,3612,3510,3396,3402,3203,3327,3254,3261,3304,3113,3190,3070,3078,3071,3031,2994,2924,2922,2844,2777,2811,2699,2584,2479,2372,2370,2378,2364,2222,2197,2161,2062,2008,1978,1928,1729,1885,1725,1734,1611,1598,1576,1532,1480,1467,1404,1311,1292,1268,1253,1172,1225,1173,1127,1147,1124,1052,1032,1097,1097,1000,1019,1044,978,977,954,917,875,883,809,792,765,735,715,670,669,638,609,548,601,561,600,555,545,552,557,544,525,471,534,473,459,442,490,464,446,437,406,396,428,357,405,363,376,380,347,360,356,358,351,361,385,329,330,346,317,303,291,284,282,281,216,246,268,195,241,208,218,200,238,230,193,195,177,179,204,184,184,176,200,163,158,194,175,191,190,157,172,176,166,160,162,154,125,157,145,167,140,136,158,138,135,142,156,139,138,135,151,137,148,153,122,139,134,134,132,123,111,126,127,122,152,112,119,112,124,97,109,101,119,102,121,111,102,115,112,99,100,112,107,105,88,109,92,109,107,104,106,102,128,100,99,105,103,103,117,104,126,90,113,120,107,109,97,119,84,82,95,89,93,77,68,75,71,77,62,75,74,63,80,62,70,76,69,63,53,82,63,60,61,74,64,71,71,68,51,55,57,60,58,64,66,66,55,69,40,45,47,45,64,50,41,57,47,50,66,60,57,69,48,51,55,41,59,49,64,49,70,50,50,46,42,40,57,38,36,51,49,44,51,46,59,44,52,43,49,37,42,47,48,44,39,52,29,57,40,47,42,40,41,39,52,46,44,38,40,35,39,43,39,34,51,49,39,50,42,40,31,55,39,39,34,43,41,54,46,46,46,50,36,35,39,45,45,44,52,45,42,38,41,40,41,33,40,40,34,36,33,42,41,36,29,42,37,41,37,34,28,26,31,38,37,26,31,31,30,36,26,37,29,28,26,38,23,29,19,32,31,36,22,33,24,25,27,28,22,19,20,34,30,27,26,28,20,34,31,31,36,27,32,30,35,39,42,29,34,36,38,24,35,36,33,35,24,37,37,31,31,27,29,30,24,33,22,32,24,28,31,26,31,31,29,29,21,23,30,21,29,25,32,17,27,23,21,23,18,26,23,29,20,33,24,25,14,22,24,13,15,18,19,16,23,19,22,21,22,17,17,13,17,13,13,13,15,13,14,14,15,17,19,16,14,14,18,14,19,13,16,13,9,16,11,14,11,16,15,3,10,21,17,20,15,12,12,9,17,11,13,15,7,14,17,17,14,21,18,17,24,17,24,15,15,22,17,20,31,19,22,30,25,29,30,34,36,34,42,41,34,31,34,49,33,32,34,41,47,35,34,36,40,30,35,26,27,25,23,14,23,20,25,18,17,14,10,11,14,8,16,9,8,4,10,10,7,4,5,14,12,7,8,7,6,8,8,8,9,11,10,11,10,6,9,6,7,7,11,7,9,5,5,7,11,9,4,9,15,7,6,7,7,8,10,4,3,2,4,4,8,6,3,5,4,9,6,10,2,3,6,11,9,2,8,3,4,8,5,8,5,6,13,5,10,4,4,6,9,5,11,9,7,7,6,8,6,6,3,7,7,5,6,9,11,6,6,9,9,4,5,7,6,8,9,7,3,7,2,5,2,9,8,5,4,6,6,10,3,5,4,6,3,7,4,7,4,5,6,5,5,3,3,7,5,4,4,1,2,0,3,4,4,6,5,7,4,6,3,4,5,1,3,4,4,3,5,6,1,2,5,6,0,5,1,2,5,3,5,2,2,2,4,0,6,3,7,4,4,4,8,3,4,2,3,5,8,4,4,2,6,4,4,3,4,3,3,4,0,6,3,3,4,8,13,3,9,3,9,10,6,7,14,5,3,4,8,8,6,2,10,5,5,6,4,7,8,9,6,5,7,7,6,4,10,8,4,3,4,7,6,10,3,7,6,6,8,8,14,4,4,8,5,3,5,1,1,5,4,6,5,6,6,8,6,4,4,3,3,7,3,5,5,6,5,1,0,4,1,2,4,4,5,3,4,8,2,2,8,2,4,3,2,3,2,0,2,3,0,2,3,2,1,3,8,3,4,4,3,4,3,6,13,7,5,3,8,2,5,11,9,3,8,4,6,6,7,9,3,9,2,3,5,8,2,9,8,2,7,6,5,2,7,5,1,3,6,4,5,6,3,4,2,3,4,3,0,1,5,0,2,1,1,5,4,0,2,5,2,1,2,0,3,4,2,4,1,7,0,7,5,4,4,3,0,2,1,4,3,5,3,5,3,3,2,3,1,2,4477
2018-11-24 18:18:01+00:00,2018-11-24 10:18:01-08:00,1543083481,1210.076,2.2000690898242263,2.4745762711864407,0,0,0,0,0,0,0,0,0,0,0,0,0,0,0,0,1813,2099,2452,2973,3483,3897,4343,5109,5627,5833,5919,6040,5843,5644,5302,5098,4759,4498,4115,4139,3947,3832,3682,3744,3528,3424,3463,3385,3333,3396,3293,3241,3197,3254,3185,3045,3133,3062,3044,3100,2938,2834,2877,2693,2625,2679,2579,2553,2414,2270,2375,2230,2192,2105,2134,1997,1966,1866,1785,1825,1797,1683,1546,1603,1574,1568,1534,1446,1443,1376,1362,1334,1228,1282,1204,1189,1150,1138,1122,1168,1111,1052,1048,1023,1055,965,1017,939,921,870,830,749,732,727,777,709,707,691,727,625,619,643,585,599,582,585,564,562,562,514,536,527,533,474,479,484,417,472,410,429,424,399,426,401,359,430,397,385,336,379,412,334,339,377,345,384,318,319,330,315,260,254,279,229,239,240,226,231,220,230,226,229,217,199,191,216,213,193,179,221,209,175,193,179,164,185,181,176,189,177,159,161,147,182,168,149,164,158,169,144,150,142,125,170,144,156,152,149,138,111,136,131,155,118,157,108,150,133,110,151,140,140,137,129,110,108,139,116,143,114,111,127,126,95,109,116,109,94,97,101,97,120,116,119,121,125,103,113,98,113,118,129,117,88,109,111,109,97,111,104,116,110,119,103,96,102,117,98,81,78,70,80,93,98,72,70,76,75,72,50,80,84,52,57,76,78,83,63,77,63,45,68,71,70,60,55,65,51,76,56,60,58,65,71,67,65,52,52,65,49,58,49,63,48,57,68,55,48,65,71,55,56,55,57,63,49,48,51,48,58,59,53,38,52,38,46,54,61,56,58,50,46,30,67,67,49,50,58,48,49,54,44,42,54,29,49,56,62,57,41,40,46,36,41,39,59,51,41,56,61,43,40,38,30,41,43,30,50,43,46,47,48,37,42,57,51,49,47,53,44,38,43,54,33,49,30,54,40,49,39,41,34,45,54,40,35,41,41,45,43,47,53,40,40,35,30,30,31,33,37,39,35,30,36,24,27,32,28,31,40,21,28,36,25,31,41,29,23,45,26,34,34,27,41,33,29,29,22,28,28,30,36,39,34,27,31,41,27,38,27,44,40,31,36,33,36,28,38,31,31,25,45,33,42,37,25,31,35,36,28,29,22,24,30,30,23,30,27,28,26,25,34,31,26,34,29,30,24,29,39,28,28,15,21,13,30,17,23,36,22,34,24,17,27,26,20,19,13,24,16,15,20,25,18,16,15,22,15,16,21,16,15,18,14,14,11,11,16,11,24,16,12,19,9,11,10,21,8,16,17,15,10,22,19,15,11,11,11,17,19,16,11,12,13,16,9,7,19,17,19,16,9,16,20,17,20,18,18,19,16,33,28,20,21,19,34,24,27,35,31,41,40,38,39,50,35,44,35,44,34,45,32,39,41,25,35,31,28,37,32,29,36,26,17,29,14,18,18,13,16,16,12,12,22,11,19,16,14,12,10,5,7,11,8,5,8,7,8,8,9,19,7,11,7,9,13,7,9,7,5,12,6,7,6,9,8,5,11,7,10,4,8,5,10,5,8,6,4,11,5,6,4,3,4,7,2,5,11,5,2,7,7,7,5,8,10,4,5,8,6,6,9,6,7,7,13,5,5,11,7,6,8,11,3,10,7,7,9,8,9,4,11,10,13,20,4,12,5,12,5,7,3,5,7,7,3,2,8,6,2,7,6,7,5,4,3,6,5,5,5,5,7,7,7,7,7,6,4,4,5,3,5,7,4,1,3,4,0,5,3,5,2,3,3,5,3,3,7,0,4,6,5,4,8,3,2,3,10,3,4,4,4,3,6,10,7,4,5,3,2,2,3,3,6,3,2,6,3,3,2,6,3,6,2,2,9,2,7,8,2,9,2,7,4,7,0,5,2,6,3,5,10,9,3,6,7,8,4,7,6,4,5,3,4,2,9,6,5,3,5,6,9,4,3,3,8,7,8,6,9,4,6,7,6,3,7,2,9,5,9,4,3,4,6,3,1,7,4,4,9,9,2,3,2,3,5,3,8,5,3,11,2,3,4,8,4,9,5,5,5,6,4,3,4,9,4,3,6,4,6,3,5,3,6,5,5,2,0,3,1,5,8,4,5,5,2,2,4,4,4,2,1,4,7,1,4,4,4,2,2,3,4,5,5,4,5,6,3,4,3,1,4,3,6,6,5,10,6,5,7,11,9,11,6,8,10,11,7,8,7,6,2,7,8,4,3,3,4,6,9,4,0,3,3,6,1,1,6,3,3,0,1,2,0,2,4,2,1,3,4,2,5,2,6,2,1,4,4,1,3,1,5,1,0,1,3,1,1,3,4,1,3,4,2,2,2,3,2,1,1,3,1,1,1,1,1,0,4785
2018-11-24 14:12:58+00:00,2018-11-24 06:12:58-08:00,1543068778,1199.95,2.2360213922649903,2.4662162162162162,0,0,0,0,0,0,0,0,0,0,0,0,0,0,0,0,1682,2042,2404,2854,3325,3906,4400,5016,5402,5662,5684,5908,5700,5442,5280,4723,4601,4252,4101,3782,3671,3571,3513,3429,3347,3345,3279,3090,3101,3119,3017,3121,3004,3064,3099,3126,3004,2910,2858,2916,2683,2748,2672,2494,2458,2366,2404,2390,2322,2197,2155,2149,2047,1934,2066,1870,1813,1807,1765,1660,1731,1585,1488,1529,1491,1471,1457,1339,1402,1269,1329,1250,1211,1181,1181,1121,1110,1093,1098,964,1036,957,1022,961,991,948,974,912,867,813,800,770,751,774,657,672,620,601,637,576,582,554,610,526,578,602,570,523,518,446,511,483,482,440,408,396,434,420,357,394,377,384,378,342,371,328,344,369,335,392,327,364,343,371,357,317,297,315,311,315,248,231,248,234,254,235,229,213,234,222,191,204,206,189,189,196,201,208,195,179,194,161,160,187,168,160,181,155,180,166,156,170,154,170,179,152,144,139,139,149,151,111,160,132,128,128,158,144,128,137,115,134,129,113,118,79,132,135,135,132,112,130,131,116,127,107,133,115,128,107,111,110,105,104,110,86,94,114,112,104,121,99,99,120,106,102,97,110,99,118,116,105,130,116,142,124,106,110,105,116,130,116,95,104,113,96,102,94,77,77,69,78,77,86,77,75,73,64,77,85,66,60,55,66,60,59,69,65,69,57,57,62,50,51,56,55,68,59,56,55,49,50,49,55,52,60,61,55,63,58,57,66,54,54,61,58,64,55,48,50,60,52,55,64,47,51,65,57,39,53,60,59,53,39,43,49,52,64,45,55,42,40,42,56,52,37,43,52,37,44,42,41,35,52,37,43,43,37,34,45,36,42,43,51,47,33,32,40,47,32,42,37,43,37,43,46,46,45,37,41,41,43,50,30,41,39,42,49,33,45,35,42,41,33,46,51,28,43,45,31,34,52,42,33,52,37,39,39,44,38,41,38,46,42,28,36,47,22,32,30,36,32,33,32,36,33,30,42,25,32,35,30,35,35,29,29,27,39,20,33,42,37,24,25,31,32,28,27,34,19,31,29,24,33,34,27,30,34,36,45,32,38,44,30,32,35,36,35,29,32,26,33,37,26,31,39,22,28,31,30,30,27,28,30,26,30,32,26,34,30,38,28,26,24,28,26,24,26,27,27,23,22,27,23,24,30,31,24,18,21,20,18,18,30,21,16,22,11,20,22,18,18,15,14,20,15,10,20,18,17,24,12,20,17,12,13,17,8,16,19,14,11,6,15,4,15,13,18,12,18,14,13,10,21,9,16,19,13,20,18,10,11,11,14,11,10,15,11,18,16,23,18,16,18,22,23,14,18,22,31,30,22,27,29,35,32,29,39,30,37,38,40,47,38,42,46,48,37,43,37,30,30,23,38,31,31,34,21,27,16,32,20,17,6,21,11,16,11,8,18,7,16,11,12,6,11,11,10,10,12,10,13,8,6,15,13,12,6,10,10,4,6,7,15,11,10,4,11,10,11,11,4,7,8,6,11,3,9,7,6,5,6,9,4,10,11,10,4,3,6,9,5,6,8,9,3,3,7,9,8,7,2,7,11,8,6,7,7,9,3,6,2,11,6,7,6,8,12,13,10,8,5,9,8,3,8,6,9,2,8,6,3,8,9,8,7,9,10,9,4,8,6,8,9,10,5,8,9,7,4,9,4,6,3,2,8,6,6,5,3,4,4,8,5,4,6,4,4,2,4,6,1,5,4,4,5,4,3,5,2,9,9,5,8,1,6,4,2,3,1,4,4,5,4,4,7,5,2,4,6,5,5,1,4,4,4,4,2,5,1,3,1,3,2,3,2,6,4,5,1,6,2,7,4,6,4,4,0,5,0,4,2,11,6,4,2,4,7,6,4,4,6,7,4,6,7,6,3,9,0,9,4,6,6,9,6,7,1,4,5,4,7,6,6,6,7,3,7,5,4,5,7,8,9,3,6,6,5,9,5,2,4,6,1,8,6,6,6,4,7,4,5,7,6,5,4,6,5,8,3,5,7,4,6,5,8,3,8,7,4,10,3,8,5,5,10,4,6,6,8,1,7,0,3,2,3,3,2,2,6,3,7,3,5,2,4,5,1,4,5,4,3,2,2,1,6,4,0,2,3,4,2,4,1,1,3,2,2,2,5,3,3,2,3,3,2,4,2,4,2,4,6,6,2,4,7,5,7,5,8,10,5,3,12,5,4,4,4,2,4,5,4,7,5,3,3,4,3,3,6,4,3,3,1,3,3,3,2,2,3,3,4,3,2,2,2,3,2,2,2,2,3,6,2,4,1,3,3,4,4,1,3,1,5,4,1,3,1,1,3,4,2,4,1,1,4,1,4624
2018-11-24 10:12:55+00:00,2018-11-24 02:12:55-08:00,1543054375,1203.8,2.239605620044148,2.487223168654174,0,0,0,0,0,0,0,0,0,0,0,0,0,0,0,0,1661,2002,2410,2854,3351,3931,4456,5032,5489,5595,5812,5886,5850,5471,5259,4813,4567,4305,4060,3788,3721,3635,3518,3617,3314,3267,3357,3207,3284,3136,3190,3017,3080,3123,3029,3051,2951,2995,2896,2978,2853,2650,2672,2651,2581,2490,2437,2375,2366,2293,2098,2055,2078,2038,1987,1920,1858,1787,1644,1720,1662,1588,1568,1528,1423,1452,1489,1364,1398,1265,1270,1243,1145,1161,1104,1157,1166,1081,1060,1062,1015,997,1017,1027,926,952,916,846,870,818,839,764,735,723,666,653,648,603,611,615,585,577,583,587,564,534,548,512,542,462,506,448,479,415,453,452,397,379,404,346,397,373,363,386,348,336,407,384,378,355,360,318,350,307,292,289,308,292,288,271,264,248,233,241,228,224,215,201,209,213,221,190,217,207,168,193,199,172,192,185,202,182,166,163,209,168,171,145,175,185,150,165,151,134,158,158,154,155,159,151,141,147,142,134,166,135,119,136,117,134,138,133,124,133,119,138,138,120,155,132,140,123,112,120,131,139,103,101,139,122,98,103,87,108,94,97,100,114,92,97,100,103,99,122,113,105,88,134,115,138,110,112,96,122,97,130,99,92,106,115,88,99,92,99,106,98,96,83,89,72,71,66,88,73,60,74,67,67,65,66,59,70,62,59,71,61,51,62,57,64,71,41,68,71,59,58,47,51,53,54,59,70,50,56,53,66,58,58,56,51,59,59,51,54,57,52,60,57,48,50,46,41,63,49,39,52,51,50,48,43,55,57,47,55,42,45,48,45,46,38,41,58,48,38,36,45,44,50,37,41,51,42,44,37,48,51,43,41,41,45,42,39,40,35,33,45,50,31,44,45,35,43,46,53,38,41,38,42,40,49,51,46,53,53,49,41,29,40,41,38,53,42,39,35,39,34,47,35,40,47,44,47,33,49,42,36,28,41,50,39,42,35,27,29,24,30,36,42,40,27,30,34,22,26,26,26,28,34,33,33,30,30,27,23,33,34,37,27,34,27,32,34,26,36,26,36,32,32,28,44,33,29,40,39,24,21,30,37,32,40,39,28,37,36,22,35,23,32,42,32,28,34,21,34,37,37,30,35,32,31,37,29,29,39,31,26,31,17,33,28,21,29,22,29,29,22,36,22,24,28,23,20,16,25,23,24,25,25,22,14,20,29,26,17,18,27,16,21,26,12,13,21,16,22,16,11,18,20,18,19,22,13,16,15,21,13,20,11,19,17,15,15,13,14,14,14,14,16,10,16,7,17,24,11,10,13,16,12,8,19,11,10,10,10,18,9,20,17,17,13,20,12,24,23,23,19,21,20,32,21,29,28,32,40,33,33,32,29,27,39,38,44,35,24,34,40,33,28,36,26,34,38,27,26,36,27,31,24,32,22,29,15,21,14,14,7,13,18,13,14,10,11,18,8,17,8,6,7,19,3,5,5,15,11,9,13,4,12,6,6,15,14,11,4,7,13,6,8,5,7,6,10,11,6,7,7,4,9,6,4,4,3,7,5,4,2,5,8,6,5,6,3,8,2,3,5,8,11,5,7,6,5,5,9,8,5,6,7,6,7,6,6,3,7,9,8,5,10,9,10,10,7,7,14,12,6,13,9,6,7,11,13,7,2,4,10,5,11,3,4,7,3,10,7,3,4,6,5,7,5,8,2,5,9,2,6,1,2,4,5,0,4,6,6,6,7,10,8,4,5,2,3,4,3,4,3,2,2,5,9,12,2,4,3,2,5,6,7,4,4,3,4,3,2,6,1,3,2,0,3,3,3,8,4,2,4,5,4,3,4,4,1,8,7,4,2,4,5,5,3,4,4,3,5,4,5,3,5,3,2,6,9,5,3,1,6,4,3,3,3,2,4,0,5,5,4,5,3,5,4,4,8,8,7,5,3,7,4,7,2,1,3,11,14,7,4,4,4,8,3,6,7,5,4,4,5,10,12,12,5,9,8,3,3,9,7,1,11,6,8,5,5,8,6,3,3,6,7,9,6,3,2,2,5,6,5,3,1,3,5,6,4,3,8,6,3,1,3,1,6,4,3,3,4,6,6,4,2,2,4,3,4,4,3,5,3,1,3,3,7,4,1,3,1,4,2,3,4,2,1,3,0,2,2,2,4,4,3,3,1,5,4,5,4,3,6,6,4,5,2,8,4,4,10,7,5,5,10,9,6,5,5,7,1,3,6,6,5,2,2,1,4,3,4,5,1,3,2,3,1,2,0,1,4,4,3,0,1,0,4,4,10,2,1,2,1,2,1,2,4,2,2,2,1,1,2,2,3,3,2,3,1,3,1,3,2,1,3,1,1,3,0,1,3,8,0,0,4583
2018-11-24 06:12:52+00:00,2018-11-23 22:12:52-08:00,1543039972,1206.3125,2.2419415878504356,2.4745762711864407,0,0,0,0,0,0,0,0,0,0,0,0,0,0,0,0,1749,2027,2401,2809,3364,3901,4406,4957,5396,5501,5979,5879,5769,5487,5103,5040,4559,4373,4024,3995,3767,3650,3574,3474,3350,3311,3392,3149,3213,3163,3131,3144,3074,2979,3082,3083,3005,2933,2849,2852,2832,2657,2665,2651,2521,2464,2389,2429,2345,2329,2253,2081,2065,2032,1994,1889,1890,1767,1796,1686,1611,1646,1556,1547,1522,1496,1408,1406,1351,1264,1310,1234,1194,1200,1170,1136,1142,1031,1095,1135,995,1039,991,1047,994,960,921,917,822,815,806,707,725,688,678,695,667,661,625,576,616,538,570,506,523,563,564,548,495,475,459,488,453,445,414,423,427,412,390,413,385,374,360,362,363,370,349,350,385,387,362,336,333,353,307,313,272,320,272,269,267,246,230,227,245,206,209,223,215,230,208,238,175,180,208,205,191,194,206,206,182,157,175,143,189,162,149,181,161,156,170,158,164,146,138,169,144,153,160,135,151,136,150,141,153,146,132,155,135,145,125,128,155,141,139,139,121,134,138,132,115,127,135,136,146,142,113,115,125,104,122,92,109,93,108,108,84,100,109,115,106,102,110,117,108,99,104,120,109,112,92,123,122,108,100,93,105,116,106,112,82,106,100,105,102,86,85,89,82,68,72,72,79,68,70,67,58,66,81,51,73,64,53,71,47,58,56,71,44,55,50,58,58,62,47,61,54,54,54,63,67,49,59,48,39,53,64,54,67,48,59,55,46,60,47,69,50,52,61,55,54,63,58,50,55,43,47,57,44,42,53,46,49,41,44,47,44,44,45,49,51,39,46,54,52,40,43,54,56,33,44,61,54,53,48,45,45,46,32,40,42,39,30,40,48,33,35,28,34,56,46,44,37,42,50,49,38,40,47,46,48,42,36,39,41,40,32,46,38,46,47,36,40,45,36,31,40,42,40,42,51,44,35,51,48,44,29,37,35,32,39,30,40,41,29,44,34,32,48,31,39,36,31,32,37,36,32,30,22,30,32,25,26,30,30,38,32,30,40,42,29,24,35,30,35,25,34,23,30,55,42,46,42,39,39,32,31,27,37,29,34,28,37,22,33,26,31,37,33,30,28,43,36,40,24,32,37,27,36,22,29,23,29,35,30,21,23,29,34,18,33,23,26,21,22,22,29,36,22,25,22,25,23,12,28,32,25,24,23,25,14,25,19,13,22,17,18,24,16,14,23,12,26,19,21,19,27,21,12,11,19,18,8,18,7,22,19,14,17,18,10,15,6,15,14,13,10,11,15,11,14,11,8,18,11,17,15,21,21,12,13,13,11,13,12,16,21,16,9,12,18,14,14,24,15,16,22,20,18,25,36,20,26,21,33,34,36,34,37,42,33,40,39,35,47,38,47,45,45,34,42,41,30,23,35,22,26,40,23,22,29,21,21,12,6,14,12,7,12,11,16,11,9,9,9,11,7,6,17,7,8,10,7,16,10,5,15,6,13,8,9,7,9,16,11,13,5,7,11,12,5,2,7,6,13,6,6,11,5,6,10,3,4,7,10,10,6,6,9,6,6,6,6,7,7,5,4,10,7,6,6,5,6,8,5,9,8,6,9,3,7,6,7,9,7,6,9,8,5,7,10,7,13,12,10,6,7,2,4,5,10,6,6,8,8,8,5,9,8,9,5,7,5,2,5,3,9,8,10,5,6,8,5,7,2,8,4,3,7,4,5,6,7,3,9,2,6,3,2,7,3,4,10,3,4,5,3,2,5,7,6,8,2,3,3,3,2,9,4,4,11,5,7,7,8,4,3,3,3,3,2,5,4,5,5,2,4,2,2,4,1,2,5,1,3,7,2,5,4,2,2,4,5,1,8,5,3,7,5,6,5,5,6,8,5,3,5,4,4,4,2,6,4,7,8,6,5,5,2,2,4,9,3,4,5,7,8,3,6,3,15,5,5,14,7,4,12,4,5,6,4,8,5,3,2,3,7,5,3,9,8,6,3,3,6,8,7,4,7,3,6,7,1,5,6,4,6,6,5,4,7,1,8,4,1,6,3,6,9,6,3,2,5,7,3,9,5,8,5,2,3,4,6,2,7,8,2,4,5,2,7,2,5,1,6,5,5,2,4,0,4,6,6,3,1,3,1,3,4,5,2,3,2,2,3,3,4,3,3,3,5,3,4,6,2,4,5,6,1,2,6,10,6,8,5,6,8,3,9,11,7,8,8,7,8,5,6,9,6,3,4,2,4,6,4,5,2,5,4,3,2,1,2,6,1,5,0,1,3,3,5,5,2,2,1,2,2,2,2,2,1,0,1,2,2,6,3,2,2,0,1,3,2,5,2,0,0,4,2,1,1,1,3,1,4,5,6,4448
2018-11-24 02:12:49+00:00,2018-11-23 18:12:49-08:00,1543025569,1228.9458333333334,2.26287596630679,2.4829931972789114,0,0,0,0,0,0,0,0,0,0,0,0,0,0,0,0,1764,2036,2474,3008,3450,4055,4500,5095,5672,5730,6158,6064,5978,5412,5328,4937,4588,4383,4269,4086,3772,3729,3539,3644,3418,3429,3283,3395,3318,3267,3173,3052,3103,3139,3182,3046,3120,2893,2925,2995,2849,2701,2720,2637,2550,2557,2382,2411,2302,2375,2249,2193,2117,2100,2051,1943,1850,1781,1794,1726,1669,1625,1593,1600,1577,1495,1394,1420,1309,1309,1334,1200,1181,1203,1161,1148,1132,1055,1075,1079,1108,1006,1002,992,1042,978,934,849,867,816,866,797,744,722,706,651,648,636,621,580,573,578,583,582,528,572,522,510,502,514,507,476,430,463,499,429,417,427,406,400,386,400,372,383,397,384,377,404,404,383,367,343,340,344,300,339,306,285,314,267,244,250,224,252,251,249,237,230,221,215,237,219,214,219,225,185,192,191,185,179,189,181,142,181,168,149,194,178,164,175,151,144,150,152,160,150,168,152,139,153,174,164,152,125,153,139,137,143,128,139,139,127,124,142,130,143,122,145,135,143,129,126,141,133,118,123,116,102,106,110,104,120,110,115,98,114,102,97,124,101,108,113,108,107,108,102,96,124,129,109,132,103,116,125,112,121,124,112,112,103,116,107,101,107,105,91,94,99,79,88,86,73,66,85,57,75,63,73,75,60,74,61,66,70,69,54,56,56,67,55,64,64,57,68,50,60,52,47,51,65,55,73,63,58,58,57,60,45,45,53,70,49,49,45,62,66,61,53,55,59,61,58,41,62,50,54,43,48,46,51,57,55,48,70,52,48,54,41,48,51,40,51,50,46,41,40,36,30,43,40,43,47,50,42,50,47,53,49,47,48,46,47,40,49,37,48,36,59,46,35,51,37,50,44,37,54,39,43,45,38,43,38,44,46,41,36,38,35,33,41,39,45,40,37,49,43,40,40,40,42,33,39,38,50,38,46,42,46,40,39,42,40,30,36,36,33,28,34,29,27,35,37,32,25,35,22,40,35,22,35,27,39,32,28,40,42,28,30,33,29,35,24,37,29,36,25,24,28,46,30,29,29,26,33,37,28,32,40,20,35,35,37,24,30,21,29,41,35,21,36,24,41,39,34,29,26,28,30,42,31,36,27,35,30,39,22,27,23,25,30,35,27,42,32,38,26,29,31,29,35,26,28,22,21,29,26,27,17,23,32,26,26,31,20,29,16,21,16,15,15,20,14,15,23,14,18,23,16,18,15,20,18,9,15,18,9,12,19,16,10,15,14,15,12,15,16,5,9,11,21,12,18,6,9,16,13,12,4,23,12,22,15,8,19,8,25,18,18,18,10,15,11,20,25,20,19,33,28,19,24,25,23,24,25,29,40,29,31,33,37,48,32,49,40,45,31,46,41,34,34,35,31,33,42,27,29,23,38,22,24,24,16,22,9,13,11,11,9,13,13,7,10,9,8,5,9,12,15,8,7,7,13,6,9,12,16,13,7,14,15,9,10,10,6,3,9,9,12,12,9,13,10,9,2,5,8,4,9,9,6,7,9,2,8,3,3,5,12,14,4,8,9,6,4,7,8,8,6,7,4,5,3,5,8,6,5,5,8,7,3,7,9,8,4,8,6,8,13,12,9,6,6,9,9,8,8,8,13,9,5,8,11,13,4,9,7,5,7,8,3,7,8,3,4,4,2,5,3,3,10,6,8,8,5,9,4,3,4,5,6,5,2,6,7,3,4,6,5,3,6,5,5,4,3,4,4,3,8,6,4,4,5,2,4,5,3,5,8,4,4,5,4,3,5,3,4,5,4,8,3,5,2,1,3,8,3,5,2,2,2,4,4,4,3,4,0,4,5,3,4,4,4,5,4,2,5,4,3,5,3,1,4,5,4,4,6,4,4,3,1,8,5,3,2,8,2,2,2,4,2,10,4,8,6,4,12,8,2,6,2,6,7,8,3,5,5,8,7,3,8,8,6,10,6,4,6,4,4,5,4,8,8,6,4,7,10,9,4,4,4,6,5,12,6,2,6,13,7,6,6,7,2,4,9,5,8,3,5,0,3,3,7,7,5,5,7,7,2,5,3,3,6,6,5,6,6,4,5,4,2,4,5,2,3,2,3,0,1,1,4,3,1,4,1,3,2,4,4,2,6,6,1,4,5,2,1,5,3,3,6,4,8,6,4,4,4,4,1,8,2,4,3,8,5,4,8,10,6,4,5,7,7,4,4,4,3,4,2,6,5,6,6,1,5,0,3,4,2,3,5,1,4,2,5,5,0,3,2,3,1,2,2,2,7,1,0,1,6,4,2,2,1,4,1,3,1,3,1,1,4,5,3,1,1,3,0,0,2,4,3,0,3,2,3,0,1,1,4505
2018-11-23 23:47:47+00:00,2018-11-23 15:47:47-08:00,1543016867,1256.6363636363637,4.779951242878688,2.4787775891341255,0,0,0,0,0,0,0,0,0,0,0,0,0,0,0,0,352,478,588,686,835,958,1038,1127,1313,1392,1399,1368,1422,1260,1270,1181,1069,1058,922,989,946,871,840,868,804,832,777,755,754,757,771,732,707,715,743,782,720,717,663,643,696,637,621,630,597,629,609,558,542,576,515,538,472,471,452,487,465,432,466,379,383,400,343,360,369,350,350,296,318,313,315,313,286,269,275,284,250,271,253,261,244,241,234,255,237,218,225,195,221,187,194,161,149,169,154,158,157,142,138,141,138,119,124,141,121,146,114,123,137,113,138,128,118,84,109,90,98,88,89,78,94,110,83,76,89,89,91,75,54,88,90,91,72,91,83,72,92,68,76,51,47,72,49,54,50,65,51,58,56,37,60,56,44,42,45,45,25,35,47,46,52,42,55,39,43,53,35,35,44,42,46,32,40,36,28,44,30,28,24,40,31,30,31,24,39,30,23,29,31,36,32,38,34,39,28,35,34,28,20,35,28,30,41,35,33,31,20,26,15,24,21,25,34,34,28,33,17,17,23,18,21,30,24,28,37,32,26,36,23,28,30,29,24,17,23,35,41,32,24,30,27,18,22,25,19,17,26,29,24,24,12,18,16,15,17,19,17,18,25,25,13,14,18,22,15,15,15,13,19,12,9,15,13,14,12,13,7,13,20,19,15,15,24,9,14,12,17,13,17,13,17,13,19,9,14,9,13,17,16,9,17,13,6,8,11,13,20,16,11,10,12,15,14,8,16,14,13,8,13,10,10,14,20,14,14,14,13,14,15,17,10,11,8,14,8,9,10,15,13,9,3,7,6,8,5,9,6,6,14,4,7,11,10,13,8,14,10,9,6,11,9,14,9,10,16,6,10,14,12,12,13,7,9,8,12,12,15,7,8,19,8,14,5,12,11,10,7,5,5,9,9,8,7,8,11,8,12,9,11,10,7,12,6,8,7,10,10,2,7,8,5,9,9,5,9,12,7,3,13,5,7,5,9,7,7,4,12,11,10,3,5,7,3,6,7,9,4,7,4,7,5,15,10,10,7,7,6,6,7,4,6,8,8,8,11,9,5,4,6,8,3,14,5,9,14,5,8,1,5,4,4,6,4,7,5,7,8,4,5,4,4,7,11,5,4,5,3,5,5,7,5,5,7,6,3,4,4,5,1,10,3,3,5,1,3,12,4,5,5,1,3,1,1,4,2,5,0,3,1,3,2,2,5,6,7,4,4,1,3,1,5,1,2,4,4,7,2,8,4,7,2,3,1,6,6,1,3,2,2,1,6,7,2,10,2,6,6,6,7,8,4,5,8,11,4,11,11,7,7,7,12,12,14,17,16,7,8,11,10,5,13,8,8,6,5,7,4,3,3,12,5,4,4,2,3,1,3,3,1,0,4,2,2,0,2,1,1,1,5,1,1,1,0,3,3,2,1,1,3,1,3,3,1,1,3,1,3,1,4,1,4,3,0,3,4,1,3,0,2,3,2,0,3,3,5,1,1,3,2,1,1,6,2,0,1,2,0,4,1,3,0,1,2,2,4,2,0,0,3,3,5,0,1,2,3,0,1,1,1,1,2,0,0,3,7,1,2,1,0,0,0,2,6,2,1,1,0,2,0,1,1,0,3,3,2,3,2,2,0,0,1,1,2,0,1,1,2,0,0,4,0,1,0,1,3,0,1,1,0,3,1,2,2,0,0,1,2,0,1,1,0,0,1,0,0,2,0,0,2,0,0,1,0,1,1,3,1,0,2,0,1,1,2,0,0,1,0,1,1,1,1,1,4,0,4,0,0,0,2,0,1,0,1,0,1,0,0,2,1,1,0,0,3,1,0,0,0,0,0,0,0,0,2,1,1,1,0,0,1,2,2,2,1,1,2,0,0,0,0,2,2,1,1,0,1,2,1,0,0,3,1,2,3,1,0,0,2,1,2,4,0,2,0,2,5,1,0,1,3,0,1,3,0,2,5,3,2,0,0,0,0,2,0,1,1,4,0,1,2,2,0,3,0,0,0,1,1,0,1,2,0,0,1,1,2,4,1,0,1,2,0,0,0,3,1,0,1,1,1,3,3,1,0,2,0,0,0,3,0,0,0,0,2,2,0,2,1,0,0,1,1,0,0,0,1,3,1,2,1,1,4,0,2,1,2,5,0,2,1,1,1,1,2,1,1,2,3,5,1,1,0,0,0,0,0,0,0,1,0,0,1,0,0,2,0,0,1,1,1,0,1,1,1,2,0,0,1,1,0,1,0,0,2,1,0,0,0,0,0,0,0,0,1,2,2,1,1,0,1,1,1,1,0,1,0,0,0,1006
